---,Extent,Name,RasterTexture
NewRow_1,"(Max=(X=134436.815000,Y=6498924.439000),Min=(X=129316.815000,Y=6495084.439000))","print_3","Texture2D'/Game/Datasets/Nkpg/print_3.print_3'"
NewRow_2,"(Max=(X=134436.815000,Y=6498924.439000),Min=(X=129316.815000,Y=6495084.439000))","print_4","Texture2D'/Game/Datasets/Nkpg/Print_test_B_2_2.Print_test_B_2_2'"
NewRow_3,"(Max=(X=134436.815000,Y=6498924.439000),Min=(X=129316.815000,Y=6495084.439000))","100arsflode","Texture2D'/Game/Datasets/Nkpg/100arsflode.100arsflode'"
NewRow_4,"(Max=(X=134436.815000,Y=6498924.439000),Min=(X=129316.815000,Y=6495084.439000))","200arsflode","Texture2D'/Game/Datasets/Nkpg/200_ars_flode.200_ars_flode'"
NewRow_5,"(Max=(X=134436.815000,Y=6498924.439000),Min=(X=129316.815000,Y=6495084.439000))","belysning","Texture2D'/Game/Datasets/Nkpg/belysning_3_2.belysning_3_2'"
NewRow_6,"(Max=(X=134436.815000,Y=6498924.439000),Min=(X=129316.815000,Y=6495084.439000))","belysning2","Texture2D'/Game/Datasets/Nkpg/belysning_3_3.belysning_3_3'"
NewRow_7,"(Max=(X=134436.815000,Y=6498924.439000),Min=(X=129316.815000,Y=6495084.439000))","byggnader_ar","Texture2D'/Game/Datasets/Nkpg/Byggnads_ar.Byggnads_ar'"
NewRow_8,"(Max=(X=134436.815000,Y=6498924.439000),Min=(X=129316.815000,Y=6495084.439000))","byggnader_ar_2_0","Texture2D'/Game/Datasets/Nkpg/Byggnads_ar2_0.Byggnads_ar2_0'"
NewRow_9,"(Max=(X=134436.815000,Y=6498924.439000),Min=(X=129316.815000,Y=6495084.439000))","trad_1_5","Texture2D'/Game/Datasets/Nkpg/Trad_1_5.Trad_1_5'"
NewRow_10,"(Max=(X=134436.815000,Y=6498924.439000),Min=(X=129316.815000,Y=6495084.439000))","standen_ljus","Texture2D'/Game/Datasets/Nkpg/standen_ljus.standen_ljus'"
NewRow_11,"(Max=(X=134436.815000,Y=6498924.439000),Min=(X=129316.815000,Y=6495084.439000))","Vattenhojning","Texture2D'/Game/Datasets/Nkpg/Vattenhojning1_3.Vattenhojning1_3'"
NewRow_12,"(Max=(X=134436.815000,Y=6498924.439000),Min=(X=129316.815000,Y=6495084.439000))","trad_vatten","Texture2D'/Game/Datasets/Nkpg/trad_vatten_2.trad_vatten_2'"
NewRow_13,"(Max=(X=134436.815000,Y=6498924.439000),Min=(X=129316.815000,Y=6495084.439000))","trad_vatten_stad_2","Texture2D'/Game/Datasets/Nkpg/trad_vatten_stad_2.trad_vatten_stad_2'"
NewRow_14,"(Max=(X=134436.815000,Y=6498924.439000),Min=(X=129316.815000,Y=6495084.439000))","Cali_1","Texture2D'/Game/Datasets/Nkpg/Digitala_Norrköping_5120x3849.Digitala_Norrköping_5120x3849'"
NewRow_15,"(Max=(X=134436.815000,Y=6498924.439000),Min=(X=129316.815000,Y=6495084.439000))","Cali_2","Texture2D'/Game/Datasets/Nkpg/Digitala_Norrköping_5120x3849_1_.Digitala_Norrköping_5120x3849_1_'"
NewRow_16,"(Max=(X=134436.815000,Y=6498924.439000),Min=(X=129316.815000,Y=6495084.439000))","Cali_3","Texture2D'/Game/Datasets/Nkpg/Digitala_Norrköping_5120x3849_2_.Digitala_Norrköping_5120x3849_2_'"
NewRow_17,"(Max=(X=134436.815000,Y=6498924.439000),Min=(X=129316.815000,Y=6495084.439000))","KOllektivTraffik","Texture2D'/Game/Datasets/Nkpg/Tillganglighet_kollektivtrafik_1.Tillganglighet_kollektivtrafik_1'"
NewRow_18,"(Max=(X=134436.815000,Y=6498924.439000),Min=(X=129316.815000,Y=6495084.439000))","KOllektivTraffik2","Texture2D'/Game/Datasets/Nkpg/Tillganglighet_kollektivtrafik_2.Tillganglighet_kollektivtrafik_2'"
NewRow_19,"(Max=(X=134436.815000,Y=6498924.439000),Min=(X=129316.815000,Y=6495084.439000))","Standen_ljus","Texture2D'/Game/Datasets/Nkpg/standen_ljus.standen_ljus'"
NewRow_20,"(Max=(X=134436.815000,Y=6498924.439000),Min=(X=129316.815000,Y=6495084.439000))","Stadutveckling_3","Texture2D'/Game/Datasets/Nkpg/Stadsutveckling_3.Stadsutveckling_3'"
NewRow_21,"(Max=(X=134436.815000,Y=6498924.439000),Min=(X=129316.815000,Y=6495084.439000))","Stadutveckling_2","Texture2D'/Game/Datasets/Nkpg/Stadsutveckling_2.Stadsutveckling_2'"
NewRow_22,"(Max=(X=134436.815000,Y=6498924.439000),Min=(X=129316.815000,Y=6495084.439000))","Stadutveckling","Texture2D'/Game/Datasets/Nkpg/Stadsutveckling.Stadsutveckling'"
NewRow_23,"(Max=(X=134436.815000,Y=6498924.439000),Min=(X=129316.815000,Y=6495084.439000))","Backgrund_kommun_karta_dark","Texture2D'/Game/Datasets/Nkpg/Bakgrund_kommun_karta_dark.Bakgrund_kommun_karta_dark'"
NewRow_24,"(Max=(X=134436.815000,Y=6498924.439000),Min=(X=129316.815000,Y=6495084.439000))","Backgrund_kommun_karta","Texture2D'/Game/Datasets/Nkpg/Bakgrund_kommun_karta.Bakgrund_kommun_karta'"
NewRow_25,"(Max=(X=134436.815000,Y=6498924.439000),Min=(X=129316.815000,Y=6495084.439000))","Abetsplatstathet","Texture2D'/Game/Datasets/Nkpg/Arbetsplatstathet_nulage.Arbetsplatstathet_nulage'"
NewRow_26,"(Max=(X=134436.815000,Y=6498924.439000),Min=(X=129316.815000,Y=6495084.439000))","Hillshade","Texture2D'/Game/Datasets/Nkpg/200_ars_flode_hillshade_2.200_ars_flode_hillshade_2'"
NewRow_27,"(Max=(X=134436.815000,Y=6498924.439000),Min=(X=129316.815000,Y=6495084.439000))","Hillshade 2","Texture2D'/Game/Datasets/Nkpg/200_ars_flode_hillshade.200_ars_flode_hillshade'"
Orto_print_4,"(Max=(X=134436.815000,Y=6498924.439000),Min=(X=129316.815000,Y=6495084.439000))","Boende_tathet","Texture2D'/Game/Datasets/Nkpg/Boendetathet_2050.Boendetathet_2050'"
Orto_print_5,"(Max=(X=134436.815000,Y=6498924.439000),Min=(X=129316.815000,Y=6495084.439000))","Boende_tathet_nu","Texture2D'/Game/Datasets/Nkpg/Boendetathet_nulage.Boendetathet_nulage'"
Orto_print_6,"(Max=(X=134436.815000,Y=6498924.439000),Min=(X=129316.815000,Y=6495084.439000))","Noise_train","Texture2D'/Game/Datasets/Nkpg/Buller_vag_jarnvag_max.Buller_vag_jarnvag_max'"
Orto_print_7,"(Max=(X=134436.815000,Y=6498924.439000),Min=(X=129316.815000,Y=6495084.439000))","Vardagslivsindex_nulage","Texture2D'/Game/Datasets/Nkpg/Vardagslivsindex_nulage.Vardagslivsindex_nulage'"
Orto_print_8,"(Max=(X=134436.815000,Y=6498924.439000),Min=(X=129316.815000,Y=6495084.439000))","vattenytor","Texture2D'/Game/Datasets/Nkpg/vattenytor.vattenytor'"
Orto_print_9,"(Max=(X=134436.815000,Y=6498924.439000),Min=(X=129316.815000,Y=6495084.439000))","Vag_vatten","Texture2D'/Game/Datasets/Nkpg/Vag_vatten.Vag_vatten'"
Orto_print_10,"(Max=(X=134436.815000,Y=6498924.439000),Min=(X=129316.815000,Y=6495084.439000))","Trad","Texture2D'/Game/Datasets/Nkpg/Trad.Trad'"
Orto_print_11,"(Max=(X=134436.815000,Y=6498924.439000),Min=(X=129316.815000,Y=6495084.439000))","Tillganglighet_kollektivtrafik","Texture2D'/Game/Datasets/Nkpg/Tillganglighet_kollektivtrafik.Tillganglighet_kollektivtrafik'"
Orto_print_12,"(Max=(X=134436.815000,Y=6498924.439000),Min=(X=129316.815000,Y=6495084.439000))","Starka_strak_nulage","Texture2D'/Game/Datasets/Nkpg/Starka_strak_nulage.Starka_strak_nulage'"
Orto_print_13,"(Max=(X=134436.815000,Y=6498924.439000),Min=(X=129316.815000,Y=6495084.439000))","Starka_strak_2050","Texture2D'/Game/Datasets/Nkpg/Starka_strak_2050.Starka_strak_2050'"
Orto_print_14,"(Max=(X=134436.815000,Y=6498924.439000),Min=(X=129316.815000,Y=6495084.439000))","Kommunkarta_dark","Texture2D'/Game/Datasets/Nkpg/Kommunkarta_dark.Kommunkarta_dark'"
Orto_print_15,"(Max=(X=134436.815000,Y=6498924.439000),Min=(X=129316.815000,Y=6495084.439000))","Kollektiv_trafik","Texture2D'/Game/Datasets/Nkpg/Tillganglighet_kollektivtrafik.Tillganglighet_kollektivtrafik'"
Orto_print_16,"(Max=(X=134436.815000,Y=6498924.439000),Min=(X=129316.815000,Y=6495084.439000))","Kommunkartan","Texture2D'/Game/Datasets/Nkpg/Kommunkartan.Kommunkartan'"
Orto_print_17,"(Max=(X=134436.815000,Y=6498924.439000),Min=(X=129316.815000,Y=6495084.439000))","Solkartan","Texture2D'/Game/Datasets/Nkpg/Solkartan.Solkartan'"
Orto_print_18,"(Max=(X=134436.815000,Y=6498924.439000),Min=(X=129316.815000,Y=6495084.439000))","Hillshade","Texture2D'/Game/Datasets/Nkpg/Hillshade.Hillshade'"
Orto_print_19,"(Max=(X=134436.815000,Y=6498924.439000),Min=(X=129316.815000,Y=6495084.439000))","Framtidens_norrkoping","Texture2D'/Game/Datasets/Nkpg/Framtidens_norrkoping.Framtidens_norrkoping'"
Orto_print_20,"(Max=(X=134436.815000,Y=6498924.439000),Min=(X=129316.815000,Y=6495084.439000))","Extrem500","Texture2D'/Game/Datasets/Nkpg/Extremregn500ar.Extremregn500ar'"
Orto_print_21,"(Max=(X=134436.815000,Y=6498924.439000),Min=(X=129316.815000,Y=6495084.439000))","Extrem200","Texture2D'/Game/Datasets/Nkpg/Extremregn200ar.Extremregn200ar'"
Orto_print_22,"(Max=(X=134436.815000,Y=6498924.439000),Min=(X=129316.815000,Y=6495084.439000))","Extrem100","Texture2D'/Game/Datasets/Nkpg/Extremregn100ar.Extremregn100ar'"
Orto_print_23,"(Max=(X=134436.815000,Y=6498924.439000),Min=(X=129316.815000,Y=6495084.439000))","ByggnadsTyper","Texture2D'/Game/Datasets/Nkpg/Byggnadstyper.Byggnadstyper'"
Orto_print_24,"(Max=(X=134436.815000,Y=6498924.439000),Min=(X=129316.815000,Y=6495084.439000))","Byggnads_ar","Texture2D'/Game/Datasets/Nkpg/Byggnadsar.Byggnadsar'"
Orto_print_25,"(Max=(X=134436.815000,Y=6498924.439000),Min=(X=129316.815000,Y=6495084.439000))","Byggnader_gra","Texture2D'/Game/Datasets/Nkpg/Byggnader_gra.Byggnader_gra'"
Orto_print_26,"(Max=(X=134436.815000,Y=6498924.439000),Min=(X=129316.815000,Y=6495084.439000))","Bullervag_max","Texture2D'/Game/Datasets/Nkpg/Bullervag_max.Bullervag_max'"
Orto_print_27,"(Max=(X=134436.815000,Y=6498924.439000),Min=(X=129316.815000,Y=6495084.439000))","buller_eqvialent","Texture2D'/Game/Datasets/Nkpg/Buller_eqvivalent.Buller_eqvivalent'"
Orto_print_28,"(Max=(X=134436.815000,Y=6498924.439000),Min=(X=129316.815000,Y=6495084.439000))","Boendetathet_nulage","Texture2D'/Game/Datasets/Nkpg/Boendetathet_nulage.Boendetathet_nulage'"
Orto_print_29,"(Max=(X=134436.815000,Y=6498924.439000),Min=(X=129316.815000,Y=6495084.439000))","Boendetatahet_2050","Texture2D'/Game/Datasets/Nkpg/Boendetathet_2050.Boendetathet_2050'"
Orto_print_30,"(Max=(X=134436.815000,Y=6498924.439000),Min=(X=129316.815000,Y=6495084.439000))","Belysning","Texture2D'/Game/Datasets/Nkpg/Belysning.Belysning'"
Orto_print_31,"(Max=(X=134436.815000,Y=6498924.439000),Min=(X=129316.815000,Y=6495084.439000))","Arbetsplatstathet_nulage","Texture2D'/Game/Datasets/Nkpg/Arbetsplatstathet_nulage.Arbetsplatstathet_nulage'"
Orto_print_32,"(Max=(X=134436.815000,Y=6498924.439000),Min=(X=129316.815000,Y=6495084.439000))","Arbetsplatstathet_2050","Texture2D'/Game/Datasets/Nkpg/Arbetsplatstathet_2050.Arbetsplatstathet_2050'"
