---,Extent,Name,RasterTexture
NewRow_0,"(Max=(X=134436.815000,Y=6498924.439000),Min=(X=129316.815000,Y=6495084.439000))","Flood_00","Texture2D'/Game/Datasets/Flood/Flood_00.Flood_00'"
NewRow_1,"(Max=(X=134436.815000,Y=6498924.439000),Min=(X=129316.815000,Y=6495084.439000))","Flood_01","Texture2D'/Game/Datasets/Flood/Flood_01.Flood_01'"
NewRow_2,"(Max=(X=134436.815000,Y=6498924.439000),Min=(X=129316.815000,Y=6495084.439000))","Flood_02","Texture2D'/Game/Datasets/Flood/Flood_02.Flood_02'"
NewRow_3,"(Max=(X=134436.815000,Y=6498924.439000),Min=(X=129316.815000,Y=6495084.439000))","Flood_03","Texture2D'/Game/Datasets/Flood/Flood_03.Flood_03'"
NewRow_4,"(Max=(X=134436.815000,Y=6498924.439000),Min=(X=129316.815000,Y=6495084.439000))","Flood_04","Texture2D'/Game/Datasets/Flood/Flood_04.Flood_04'"
NewRow_5,"(Max=(X=134436.815000,Y=6498924.439000),Min=(X=129316.815000,Y=6495084.439000))","Flood_05","Texture2D'/Game/Datasets/Flood/Flood_05.Flood_05'"
NewRow_6,"(Max=(X=134436.815000,Y=6498924.439000),Min=(X=129316.815000,Y=6495084.439000))","Flood_06","Texture2D'/Game/Datasets/Flood/Flood_06.Flood_06'"
NewRow_7,"(Max=(X=134436.815000,Y=6498924.439000),Min=(X=129316.815000,Y=6495084.439000))","Flood_07","Texture2D'/Game/Datasets/Flood/Flood_07.Flood_07'"
NewRow_8,"(Max=(X=134436.815000,Y=6498924.439000),Min=(X=129316.815000,Y=6495084.439000))","Flood_08","Texture2D'/Game/Datasets/Flood/Flood_08.Flood_08'"
NewRow_9,"(Max=(X=134436.815000,Y=6498924.439000),Min=(X=129316.815000,Y=6495084.439000))","Flood_09","Texture2D'/Game/Datasets/Flood/Flood_09.Flood_09'"
NewRow_10,"(Max=(X=134436.815000,Y=6498924.439000),Min=(X=129316.815000,Y=6495084.439000))","Flood_10","Texture2D'/Game/Datasets/Flood/Flood_10.Flood_10'"
NewRow_11,"(Max=(X=134436.815000,Y=6498924.439000),Min=(X=129316.815000,Y=6495084.439000))","Flood_11","Texture2D'/Game/Datasets/Flood/Flood_11.Flood_11'"
NewRow_12,"(Max=(X=134436.815000,Y=6498924.439000),Min=(X=129316.815000,Y=6495084.439000))","Flood_12","Texture2D'/Game/Datasets/Flood/Flood_12.Flood_12'"
NewRow_13,"(Max=(X=134436.815000,Y=6498924.439000),Min=(X=129316.815000,Y=6495084.439000))","Flood_13","Texture2D'/Game/Datasets/Flood/Flood_13.Flood_13'"
NewRow_14,"(Max=(X=134436.815000,Y=6498924.439000),Min=(X=129316.815000,Y=6495084.439000))","Flood_14","Texture2D'/Game/Datasets/Flood/Flood_14.Flood_14'"
NewRow_15,"(Max=(X=134436.815000,Y=6498924.439000),Min=(X=129316.815000,Y=6495084.439000))","Flood_15","Texture2D'/Game/Datasets/Flood/Flood_15.Flood_15'"
NewRow_16,"(Max=(X=134436.815000,Y=6498924.439000),Min=(X=129316.815000,Y=6495084.439000))","Flood_16","Texture2D'/Game/Datasets/Flood/Flood_16.Flood_16'"
NewRow_17,"(Max=(X=134436.815000,Y=6498924.439000),Min=(X=129316.815000,Y=6495084.439000))","Flood_17","Texture2D'/Game/Datasets/Flood/Flood_17.Flood_17'"
NewRow_18,"(Max=(X=134436.815000,Y=6498924.439000),Min=(X=129316.815000,Y=6495084.439000))","Flood_18","Texture2D'/Game/Datasets/Flood/Flood_18.Flood_18'"
NewRow_19,"(Max=(X=134436.815000,Y=6498924.439000),Min=(X=129316.815000,Y=6495084.439000))","Flood_19","Texture2D'/Game/Datasets/Flood/Flood_19.Flood_19'"
NewRow_20,"(Max=(X=134436.815000,Y=6498924.439000),Min=(X=129316.815000,Y=6495084.439000))","Flood_20","Texture2D'/Game/Datasets/Flood/Flood_20.Flood_20'"
NewRow_21,"(Max=(X=134436.815000,Y=6498924.439000),Min=(X=129316.815000,Y=6495084.439000))","Flood_21","Texture2D'/Game/Datasets/Flood/Flood_21.Flood_21'"
NewRow_22,"(Max=(X=134436.815000,Y=6498924.439000),Min=(X=129316.815000,Y=6495084.439000))","Flood_22","Texture2D'/Game/Datasets/Flood/Flood_22.Flood_22'"
NewRow_23,"(Max=(X=134436.815000,Y=6498924.439000),Min=(X=129316.815000,Y=6495084.439000))","Flood_23","Texture2D'/Game/Datasets/Flood/Flood_23.Flood_23'"
NewRow_24,"(Max=(X=134436.815000,Y=6498924.439000),Min=(X=129316.815000,Y=6495084.439000))","Flood_24","Texture2D'/Game/Datasets/Flood/Flood_24.Flood_24'"
NewRow_25,"(Max=(X=134436.815000,Y=6498924.439000),Min=(X=129316.815000,Y=6495084.439000))","Flood_25","Texture2D'/Game/Datasets/Flood/Flood_25.Flood_25'"
NewRow_26,"(Max=(X=134436.815000,Y=6498924.439000),Min=(X=129316.815000,Y=6495084.439000))","Flood_26","Texture2D'/Game/Datasets/Flood/Flood_26.Flood_26'"
NewRow_27,"(Max=(X=134436.815000,Y=6498924.439000),Min=(X=129316.815000,Y=6495084.439000))","Flood_27","Texture2D'/Game/Datasets/Flood/Flood_27.Flood_27'"
NewRow_28,"(Max=(X=134436.815000,Y=6498924.439000),Min=(X=129316.815000,Y=6495084.439000))","Flood_28","Texture2D'/Game/Datasets/Flood/Flood_28.Flood_28'"
NewRow_29,"(Max=(X=134436.815000,Y=6498924.439000),Min=(X=129316.815000,Y=6495084.439000))","Flood_29","Texture2D'/Game/Datasets/Flood/Flood_29.Flood_29'"
NewRow_30,"(Max=(X=134436.815000,Y=6498924.439000),Min=(X=129316.815000,Y=6495084.439000))","Flood_30","Texture2D'/Game/Datasets/Flood/Flood_30.Flood_30'"
NewRow_31,"(Max=(X=134436.815000,Y=6498924.439000),Min=(X=129316.815000,Y=6495084.439000))","Flood_31","Texture2D'/Game/Datasets/Flood/Flood_31.Flood_31'"
NewRow_32,"(Max=(X=134436.815000,Y=6498924.439000),Min=(X=129316.815000,Y=6495084.439000))","Flood_32","Texture2D'/Game/Datasets/Flood/Flood_32.Flood_32'"
NewRow_33,"(Max=(X=134436.815000,Y=6498924.439000),Min=(X=129316.815000,Y=6495084.439000))","Flood_33","Texture2D'/Game/Datasets/Flood/Flood_33.Flood_33'"
NewRow_34,"(Max=(X=134436.815000,Y=6498924.439000),Min=(X=129316.815000,Y=6495084.439000))","Flood_34","Texture2D'/Game/Datasets/Flood/Flood_34.Flood_34'"
NewRow_35,"(Max=(X=134436.815000,Y=6498924.439000),Min=(X=129316.815000,Y=6495084.439000))","Flood_35","Texture2D'/Game/Datasets/Flood/Flood_35.Flood_35'"
NewRow_36,"(Max=(X=134436.815000,Y=6498924.439000),Min=(X=129316.815000,Y=6495084.439000))","Flood_36","Texture2D'/Game/Datasets/Flood/Flood_36.Flood_36'"
NewRow_37,"(Max=(X=134436.815000,Y=6498924.439000),Min=(X=129316.815000,Y=6495084.439000))","Flood_37","Texture2D'/Game/Datasets/Flood/Flood_37.Flood_37'"
NewRow_38,"(Max=(X=134436.815000,Y=6498924.439000),Min=(X=129316.815000,Y=6495084.439000))","Flood_38","Texture2D'/Game/Datasets/Flood/Flood_38.Flood_38'"
NewRow_39,"(Max=(X=134436.815000,Y=6498924.439000),Min=(X=129316.815000,Y=6495084.439000))","Flood_39","Texture2D'/Game/Datasets/Flood/Flood_39.Flood_39'"
NewRow_40,"(Max=(X=134436.815000,Y=6498924.439000),Min=(X=129316.815000,Y=6495084.439000))","Flood_40","Texture2D'/Game/Datasets/Flood/Flood_40.Flood_40'"
NewRow_41,"(Max=(X=134436.815000,Y=6498924.439000),Min=(X=129316.815000,Y=6495084.439000))","Flood_41","Texture2D'/Game/Datasets/Flood/Flood_41.Flood_41'"
NewRow_42,"(Max=(X=134436.815000,Y=6498924.439000),Min=(X=129316.815000,Y=6495084.439000))","Flood_42","Texture2D'/Game/Datasets/Flood/Flood_42.Flood_42'"
NewRow_43,"(Max=(X=134436.815000,Y=6498924.439000),Min=(X=129316.815000,Y=6495084.439000))","Flood_43","Texture2D'/Game/Datasets/Flood/Flood_43.Flood_43'"
NewRow_44,"(Max=(X=134436.815000,Y=6498924.439000),Min=(X=129316.815000,Y=6495084.439000))","Flood_44","Texture2D'/Game/Datasets/Flood/Flood_44.Flood_44'"
NewRow_45,"(Max=(X=134436.815000,Y=6498924.439000),Min=(X=129316.815000,Y=6495084.439000))","Flood_45","Texture2D'/Game/Datasets/Flood/Flood_45.Flood_45'"
NewRow_46,"(Max=(X=134436.815000,Y=6498924.439000),Min=(X=129316.815000,Y=6495084.439000))","Flood_46","Texture2D'/Game/Datasets/Flood/Flood_46.Flood_46'"
NewRow_47,"(Max=(X=134436.815000,Y=6498924.439000),Min=(X=129316.815000,Y=6495084.439000))","Flood_47","Texture2D'/Game/Datasets/Flood/Flood_47.Flood_47'"
NewRow_48,"(Max=(X=134436.815000,Y=6498924.439000),Min=(X=129316.815000,Y=6495084.439000))","Flood_48","Texture2D'/Game/Datasets/Flood/Flood_48.Flood_48'"
NewRow_49,"(Max=(X=134436.815000,Y=6498924.439000),Min=(X=129316.815000,Y=6495084.439000))","Flood_49","Texture2D'/Game/Datasets/Flood/Flood_49.Flood_49'"
NewRow_50,"(Max=(X=134436.815000,Y=6498924.439000),Min=(X=129316.815000,Y=6495084.439000))","Flood_50","Texture2D'/Game/Datasets/Flood/Flood_50.Flood_50'"
NewRow_51,"(Max=(X=134436.815000,Y=6498924.439000),Min=(X=129316.815000,Y=6495084.439000))","Flood_51","Texture2D'/Game/Datasets/Flood/Flood_51.Flood_51'"
NewRow_52,"(Max=(X=134436.815000,Y=6498924.439000),Min=(X=129316.815000,Y=6495084.439000))","Flood_52","Texture2D'/Game/Datasets/Flood/Flood_52.Flood_52'"
NewRow_53,"(Max=(X=134436.815000,Y=6498924.439000),Min=(X=129316.815000,Y=6495084.439000))","Flood_53","Texture2D'/Game/Datasets/Flood/Flood_53.Flood_53'"
NewRow_54,"(Max=(X=134436.815000,Y=6498924.439000),Min=(X=129316.815000,Y=6495084.439000))","Flood_54","Texture2D'/Game/Datasets/Flood/Flood_54.Flood_54'"
NewRow_55,"(Max=(X=134436.815000,Y=6498924.439000),Min=(X=129316.815000,Y=6495084.439000))","Flood_55","Texture2D'/Game/Datasets/Flood/Flood_55.Flood_55'"
NewRow_56,"(Max=(X=134436.815000,Y=6498924.439000),Min=(X=129316.815000,Y=6495084.439000))","Flood_56","Texture2D'/Game/Datasets/Flood/Flood_56.Flood_56'"
NewRow_57,"(Max=(X=134436.815000,Y=6498924.439000),Min=(X=129316.815000,Y=6495084.439000))","Flood_57","Texture2D'/Game/Datasets/Flood/Flood_57.Flood_57'"
NewRow_58,"(Max=(X=134436.815000,Y=6498924.439000),Min=(X=129316.815000,Y=6495084.439000))","Flood_58","Texture2D'/Game/Datasets/Flood/Flood_58.Flood_58'"
NewRow_59,"(Max=(X=134436.815000,Y=6498924.439000),Min=(X=129316.815000,Y=6495084.439000))","Flood_59","Texture2D'/Game/Datasets/Flood/Flood_59.Flood_59'"
NewRow_60,"(Max=(X=134436.815000,Y=6498924.439000),Min=(X=129316.815000,Y=6495084.439000))","Flood_60","Texture2D'/Game/Datasets/Flood/Flood_60.Flood_60'"
